[
  {
    "id": 1,
    "name": "Lynn Location",
    "street_address": "555 Western Ave",
    "city": "Lynn",
    "state": "MA",
    "zip": "01902",
    "phone": "781-555-5555"
  },
  {
    "id": 2,
    "name": "Amesbury Location",
    "street_address": "54 Macy st",
    "city": "Amesbury",
    "state": "MA",
    "zip": "01913",
    "phone": "781-555-5555"
  },
  {
    "id": 3,
    "name": "Boston Location",
    "street_address": "77 Mass Ave",
    "city": "Boston",
    "state": "MA",
    "zip": "01902",
    "phone": "617-555-5555"
  }
]